"Ptt","day","range","max","month"
183942,2019-08-20,5,31.5,8
183942,2019-08-21,6.5,32,8
183942,2019-08-22,9,34,8
183942,2019-08-23,6,35,8
183942,2019-08-24,6.5,34.5,8
183942,2019-08-26,8,34.5,8
183942,2019-08-27,5.5,35.5,8
183942,2019-08-28,4.5,36,8
183942,2019-08-29,6.5,37.5,8
183942,2019-08-30,2.5,36,8
183942,2019-08-31,5.5,35.5,8
183942,2019-09-01,4,34.5,9
183942,2019-09-02,7,35,9
183942,2019-09-03,10,34.5,9
183942,2019-09-04,5.5,34,9
183942,2019-09-05,6.5,36.5,9
183942,2019-09-06,11,37.5,9
183942,2019-09-07,2,35.5,9
183942,2019-09-08,8,38.5,9
183942,2019-09-09,9.5,39.5,9
183942,2019-09-10,2.5,40,9
183942,2019-09-11,3.5,40.5,9
183942,2019-09-12,6.5,42,9
183942,2019-09-13,8.5,40.5,9
183942,2019-09-14,4.5,38,9
183942,2019-09-15,4,37.5,9
183942,2019-09-16,5,38,9
183942,2019-09-17,6.5,38.5,9
183942,2019-09-18,7.5,37,9
183942,2019-09-19,5.5,38.5,9
183942,2019-09-20,4.5,38.5,9
183942,2019-09-21,5.5,38.5,9
183942,2019-09-22,6,38.5,9
183942,2019-09-23,5,37.5,9
183942,2019-09-24,7.5,38,9
183942,2019-09-25,5.5,36.5,9
183942,2019-09-26,4,35,9
183942,2019-09-27,6,35.5,9
183942,2019-09-29,3,38.5,9
183942,2019-09-30,7.5,39,9
183942,2019-10-01,5.5,36,10
183942,2019-10-02,7,36.5,10
183942,2019-10-03,5,38,10
183942,2019-10-04,7,39,10
183942,2019-10-05,12,42.5,10
183942,2019-10-06,15,38.5,10
183942,2019-10-07,9,37.5,10
183942,2019-10-08,9,37,10
183942,2019-10-09,12.5,38.5,10
183942,2019-10-11,15.5,35.5,10
183942,2019-10-12,14.5,38.5,10
183942,2019-10-13,14,38.5,10
183942,2019-10-14,2.5,39,10
183942,2019-10-16,5.5,27.5,10
183942,2019-10-17,3.5,28.5,10
183942,2019-10-18,1.5,33.5,10
183942,2019-10-19,4.5,34,10
183942,2019-10-20,2.5,33,10
183942,2019-10-21,9.5,31.5,10
183942,2019-10-22,9.5,29.5,10
183942,2019-10-23,14,32.5,10
183942,2019-10-24,12,33.5,10
183942,2019-10-25,12.5,36.5,10
183942,2019-10-26,7.5,36.5,10
183942,2019-10-27,5,37,10
183942,2019-10-28,6,37.5,10
183942,2019-10-29,9.5,33.5,10
183942,2019-10-30,3,29,10
183942,2019-10-31,5.5,28,10
183942,2019-11-01,17.5,34.5,11
183942,2019-11-02,10.5,35.5,11
183942,2019-11-03,2.5,34,11
183942,2019-11-04,2.5,32,11
183942,2019-11-05,7,29.5,11
183942,2019-11-06,5.5,27,11
183942,2019-11-07,5.5,27.5,11
183942,2019-11-08,6,27,11
183942,2019-11-09,7,27.5,11
183942,2019-11-11,7,29.5,11
183942,2019-11-12,7.5,28.5,11
183943,2019-08-19,3,28.5,8
183943,2019-08-20,2.5,28,8
183943,2019-08-21,4.5,31,8
183943,2019-08-22,6,32,8
183943,2019-08-23,3,29.5,8
183943,2019-08-24,7,34.5,8
183943,2019-08-26,2.5,28.5,8
183943,2019-08-27,5.5,33,8
183943,2019-08-28,2,32.5,8
183943,2019-08-29,2.5,33,8
183943,2019-08-30,4,34,8
183943,2019-08-31,3.5,34,8
183943,2019-09-02,4,36,9
183943,2019-09-03,7,38,9
183943,2019-09-04,11.5,38.5,9
183943,2019-09-05,6.5,37.5,9
183943,2019-09-06,2.5,36,9
183943,2019-09-07,6,35.5,9
183943,2019-09-08,4.5,36.5,9
183943,2019-09-09,4,36.5,9
183943,2019-09-10,2,33.5,9
183943,2019-09-11,2,30.5,9
183943,2019-09-13,1,35.5,9
183943,2019-09-14,8,35.5,9
183943,2019-09-16,4,35.5,9
183943,2019-09-18,2,33,9
183943,2019-09-23,8,32,9
183943,2019-09-25,3.5,42.5,9
183943,2019-09-26,2.5,43.5,9
183943,2019-09-27,7.5,52,9
183943,2019-09-30,2,41,9
183943,2019-10-01,7.5,44,10
183943,2019-10-02,4.5,42.5,10
183943,2019-10-03,7.5,41,10
183943,2019-10-04,5.5,36.5,10
183943,2019-10-05,8,38,10
183943,2019-10-07,2,41.5,10
183943,2019-10-08,2.5,41,10
183943,2019-10-09,2.5,41,10
183943,2019-10-11,3,41,10
183943,2019-10-12,4.5,44,10
183943,2019-10-13,4,46.5,10
183943,2019-10-16,2.5,43.5,10
183943,2019-10-17,10.5,41.5,10
183943,2019-10-18,4.5,44,10
183943,2019-10-20,5.5,46,10
183943,2019-10-21,10.5,47.5,10
183943,2019-10-22,2.5,48,10
183943,2019-10-23,4,49.5,10
183943,2019-10-24,4,50,10
183943,2019-10-25,4,50.5,10
183943,2019-10-26,4,51,10
183943,2019-10-27,6,50.5,10
183943,2019-10-29,10.5,51.5,10
183943,2019-11-01,9,51.5,11
183943,2019-11-03,4.5,50.5,11
183943,2019-11-04,1.5,46.5,11
183943,2019-11-05,6,52.5,11
183943,2019-11-06,6,53,11
183943,2019-11-08,3,56.5,11
183943,2019-11-09,5,56.5,11
183943,2019-11-10,7.5,64,11
183943,2019-11-11,6,65.5,11
183945,2019-09-01,10,31.5,9
183945,2019-09-13,6,39.5,9
183945,2019-10-29,2.5,65.5,10
183945,2019-11-26,10,66.5,11
183945,2020-01-02,13.5,73.5,1
183945,2020-01-19,11,29,1
183948,2019-08-22,2,30.5,8
183948,2019-08-28,2,30,8
183948,2019-08-30,3.5,29.5,8
183948,2019-09-01,3,27.5,9
183948,2019-09-03,3.5,28,9
183948,2019-09-05,3.5,27.5,9
183948,2019-09-07,3.5,27,9
183948,2019-09-11,3,28.5,9
183948,2019-09-13,3.5,27.5,9
183948,2019-09-17,5,31,9
183948,2019-09-19,4,28.5,9
183948,2019-09-21,6,30,9
183948,2019-09-23,3,28.5,9
183948,2019-09-25,6.5,30,9
183948,2019-09-27,4.5,29,9
183948,2019-09-29,8.5,29.5,9
183948,2019-10-01,3,30,10
183948,2019-10-03,4,28.5,10
183948,2019-10-05,3,30.5,10
183948,2019-10-07,3.5,31,10
183948,2019-10-09,3,29,10
183948,2019-10-11,4,34.5,10
183948,2019-10-13,8.5,40.5,10
183948,2019-10-15,8.5,32.5,10
183948,2019-10-17,5,28,10
183948,2019-10-19,3,29,10
183948,2019-10-21,5.5,29,10
183948,2019-10-23,3,28.5,10
183948,2019-10-25,8.5,26.5,10
183948,2019-10-27,7,28.5,10
183948,2019-10-29,5.5,31,10
183948,2019-10-31,5.5,33,10
183948,2019-11-04,4.5,28.5,11
183948,2019-11-06,10,33,11
183948,2019-11-08,3.5,27.5,11
183948,2019-11-10,9.5,29.5,11
183948,2019-11-16,2,34.5,11
183948,2019-11-20,7.5,30.5,11
183948,2019-11-22,11,37.5,11
183948,2019-11-24,11,38.5,11
183948,2019-11-26,8,37.5,11
183948,2019-12-04,3,34.5,12
183948,2019-12-06,8,36,12
183948,2019-12-08,4,37.5,12
183948,2019-12-10,8,37,12
183948,2019-12-14,4,37,12
183948,2019-12-16,9,37,12
183948,2019-12-18,2.5,37,12
183948,2019-12-20,3.5,36,12
183948,2019-12-22,8,38,12
183948,2019-12-24,3,33.5,12
183948,2019-12-26,3.5,37.5,12
183948,2019-12-28,4.5,40,12
183948,2019-12-30,4.5,42.5,12
183948,2020-01-01,7,46,1
183948,2020-01-03,15.5,49.5,1
183948,2020-01-05,6,56,1
183948,2020-01-07,2.5,57.5,1
183948,2020-01-09,9.5,63.5,1
183948,2020-01-11,6.5,63,1
183948,2020-01-13,10.5,67,1
183948,2020-01-15,7,67.5,1
183948,2020-01-17,2,66,1
183948,2020-01-19,1.5,65,1
183948,2020-01-21,3,63,1
183948,2020-01-23,1,60.5,1
183948,2020-01-25,5.5,65,1
183948,2020-01-27,8.5,69.5,1
183948,2020-01-29,11,73.5,1
183948,2020-01-31,9,75.5,1
183948,2020-02-04,1,75.5,2
183948,2020-02-06,2,77.5,2
183948,2020-02-08,2.5,78,2
183948,2020-02-10,3.5,80.5,2
183948,2020-02-12,5,83,2
183948,2020-02-14,3.5,82,2
183948,2020-02-18,6,81.5,2
183948,2020-02-20,9.5,85.5,2
183948,2020-02-24,37,56,2
183948,2020-02-26,53.5,76.5,2
183948,2020-02-28,48,62.5,2
183948,2020-03-03,16,71,3
183948,2020-03-11,25.5,115.5,3
183948,2020-03-13,17,111,3
183948,2020-03-15,19.5,102,3
183948,2020-03-17,5,95,3
183948,2020-03-19,11.5,98.5,3
183948,2020-03-25,26.5,108.5,3
183948,2020-03-29,9,81.5,3
183948,2020-03-31,4,78,3
183948,2020-04-02,2,75.5,4
183948,2020-04-04,14,74.5,4
183948,2020-04-06,15.5,73,4
183948,2020-04-08,2.5,73,4
183948,2020-04-10,5,72.5,4
183948,2020-04-12,5,72,4
183948,2020-04-14,3.5,72.5,4
183948,2020-04-18,2.5,75.5,4
183948,2020-04-20,2.5,76.5,4
183948,2020-04-22,5.5,81,4
183948,2020-04-24,3,82.5,4
183948,2020-04-26,7.5,83,4
183948,2020-04-28,10,83.5,4
183948,2020-05-02,8,78.5,5
183948,2020-05-04,8,72,5
183948,2020-05-06,23.5,59.5,5
183948,2020-05-08,15,63,5
183948,2020-05-10,6,63,5
183948,2020-05-12,11.5,51.5,5
183948,2020-05-16,13.5,63.5,5
183948,2020-05-18,16.5,67,5
183948,2020-05-20,17,65.5,5
183948,2020-05-22,7.5,65,5
183948,2020-05-24,27.5,65,5
183948,2020-05-26,25,72.5,5
183948,2020-05-28,27,81,5
183948,2020-05-30,24,82,5
183948,2020-06-01,9,82.5,6
183948,2020-06-03,4,74,6
183948,2020-06-05,4.5,73.5,6
183948,2020-06-07,4.5,73.5,6
183950,2019-08-20,8.5,33.5,8
183950,2019-08-22,1.5,27.5,8
183950,2019-08-26,1,27.5,8
183950,2019-08-28,2.5,28,8
183950,2019-08-30,7.5,38,8
183950,2019-09-03,6,41,9
183950,2019-09-13,10.5,32.5,9
183950,2019-09-15,4.5,33.5,9
183950,2019-09-19,6,26.5,9
183950,2019-09-21,3,25.5,9
183950,2019-09-25,3,21.5,9
183950,2019-09-27,4.5,21,9
183950,2019-10-01,4.5,24.5,10
183950,2019-10-03,2.5,26.5,10
183950,2019-10-05,5,28.5,10
183950,2019-10-07,4.5,27.5,10
183950,2019-10-09,2,24,10
183950,2019-10-11,7,25,10
183950,2019-10-15,3.5,26.5,10
183950,2019-10-17,6,24.5,10
183950,2019-10-19,4,25,10
183950,2019-10-21,2.5,23.5,10
183950,2019-10-27,5,31.5,10
183950,2019-10-29,9.5,37.5,10
183950,2019-10-31,6.5,42.5,10
183950,2019-11-02,6.5,43.5,11
183950,2019-11-06,5,34,11
183950,2019-11-08,5.5,32.5,11
183950,2019-11-10,11,31.5,11
183950,2019-11-12,5,29,11
183950,2019-11-20,5,33.5,11
183950,2019-11-22,3,31.5,11
183950,2019-11-28,6.5,43,11
183950,2019-12-06,1.5,45.5,12
183950,2019-12-12,6.5,50.5,12
183950,2019-12-14,7.5,49,12
183950,2019-12-16,4.5,45.5,12
183950,2019-12-18,8,48.5,12
183950,2019-12-20,4.5,45,12
183950,2019-12-24,6,48.5,12
183950,2019-12-28,3,46,12
183950,2019-12-30,2.5,51.5,12
183950,2020-01-11,6.5,70,1
183950,2020-01-13,6,72.5,1
183950,2020-01-17,6.5,77,1
183950,2020-01-19,3.5,74.5,1
183950,2020-01-21,2.5,70.5,1
183950,2020-01-25,3,69,1
183950,2020-01-27,4,71,1
183950,2020-02-02,2,78,2
183950,2020-02-04,4,83,2
183950,2020-02-08,7.5,97,2
183950,2020-02-10,17,98,2
183950,2020-02-16,20.5,100,2
183950,2020-02-18,12,80.5,2
183950,2020-02-20,17,83,2
183950,2020-02-22,24,72.5,2
183950,2020-02-26,15,80.5,2
183950,2020-03-01,23,80.5,3
183950,2020-03-03,13.5,69.5,3
183950,2020-03-05,18,76.5,3
183950,2020-03-11,7,91.5,3
183950,2020-03-15,40,115,3
183950,2020-03-17,8.5,75,3
183950,2020-03-19,12,75.5,3
183951,2019-08-24,2,32.5,8
183951,2019-09-05,2,32.5,9
183951,2019-09-09,3,36.5,9
183951,2019-11-06,4,39,11
183951,2019-11-16,5,37.5,11
183951,2019-11-26,5.5,31.5,11
183951,2019-12-16,7.5,53,12
183951,2019-12-22,9,58,12
183951,2020-01-25,3.5,110,1
183951,2020-02-18,1.5,112.5,2
183952,2019-08-17,11.5,43,8
183952,2019-08-18,10.5,40.5,8
183952,2019-08-19,10,41.5,8
183952,2019-08-20,4.5,40,8
183952,2019-08-21,1,54.5,8
183952,2019-08-22,2.5,55.5,8
183952,2019-08-24,1,54,8
183952,2019-08-26,3.5,57,8
183952,2019-08-28,2.5,54.5,8
183952,2019-08-29,7,48,8
183952,2019-08-30,6.5,50.5,8
183952,2019-08-31,5.5,43.5,8
183952,2019-09-01,7.5,48,9
183952,2019-09-02,5,51.5,9
183952,2019-09-03,10,61,9
183952,2019-09-05,3.5,65,9
183952,2019-09-06,5,70.5,9
183952,2019-09-07,4.5,66.5,9
183952,2019-09-08,3,66.5,9
183952,2019-09-09,4.5,68,9
183952,2019-09-10,21,73.5,9
183952,2019-09-11,3,76,9
183952,2019-09-12,2,75.5,9
183952,2019-09-14,3.5,73.5,9
183952,2019-09-16,3,68.5,9
183952,2019-09-17,8,67.5,9
183952,2019-09-19,4,66,9
183952,2019-09-20,10.5,65.5,9
183952,2019-09-21,5,65.5,9
183952,2019-09-22,5.5,66,9
183952,2019-09-24,7.5,66,9
183952,2019-09-25,4,64.5,9
183952,2019-09-26,6,65.5,9
183952,2019-09-27,3,62,9
183952,2019-09-28,10,63,9
183952,2019-09-29,6,61,9
183952,2019-09-30,4.5,57,9
183952,2019-10-01,3.5,59,10
183952,2019-10-02,2.5,62.5,10
183952,2019-10-03,5.5,64.5,10
183952,2019-10-05,8.5,67.5,10
183952,2019-10-06,1,67.5,10
183952,2019-10-07,2,67.5,10
183952,2019-10-08,5.5,66.5,10
183952,2019-10-09,4.5,63.5,10
183952,2019-10-10,5,63,10
183952,2019-10-11,1.5,62,10
183952,2019-10-13,2.5,60.5,10
183952,2019-10-15,3,60.5,10
183952,2019-10-16,1.5,60.5,10
183952,2019-10-17,2,60.5,10
183952,2019-10-18,1.5,61,10
183952,2019-10-20,6.5,59,10
183952,2019-10-21,5,58.5,10
183952,2019-10-22,9,57.5,10
183952,2019-10-23,13,57.5,10
183952,2019-10-24,6.5,57.5,10
183952,2019-10-25,11.5,57.5,10
183952,2019-10-26,4,55,10
183952,2019-10-27,4.5,54,10
183952,2019-10-28,5.5,49.5,10
183952,2019-10-29,5.5,48.5,10
183952,2019-10-30,2.5,48,10
183952,2019-10-31,4.5,48,10
183952,2019-11-02,7,48.5,11
183952,2019-11-03,6,47.5,11
183952,2019-11-06,3.5,46.5,11
183952,2019-11-08,8.5,43,11
183952,2019-11-09,6,39.5,11
183953,2019-08-17,4,50.5,8
183953,2019-08-18,2,50.5,8
183953,2019-08-19,1.5,51,8
183953,2019-08-20,2.5,51.5,8
183953,2019-08-21,1,51.5,8
183953,2019-08-22,1,51.5,8
183953,2019-08-23,1,52,8
183953,2019-08-24,2,52.5,8
183953,2019-08-25,1,51.5,8
183953,2019-08-26,1.5,52,8
183953,2019-08-27,1,52,8
183953,2019-08-29,1.5,56,8
183953,2019-08-30,2.5,55,8
183953,2019-08-31,2,55,8
183953,2019-09-01,2,56,9
183953,2019-09-02,2,55,9
183953,2019-09-03,2.5,50.5,9
183953,2019-09-04,4.5,56.5,9
183953,2019-09-05,2,52,9
183953,2019-09-06,1,53,9
183953,2019-09-08,5,56.5,9
183953,2019-09-09,2,51.5,9
183953,2019-09-10,0.5,51,9
183953,2019-09-11,1.5,52,9
183953,2019-09-12,4.5,51.5,9
183953,2019-09-13,7,54,9
183953,2019-09-14,9.5,53,9
183953,2019-09-15,1.5,45,9
183953,2019-09-17,9.5,49,9
183953,2019-09-18,1,40,9
183953,2019-09-20,2,41,9
183953,2019-09-22,1.5,55,9
183953,2019-09-23,2.5,56.5,9
183953,2019-09-24,2,56.5,9
183953,2019-09-25,3,57,9
183953,2019-09-27,4,56.5,9
183953,2019-09-28,4.5,57.5,9
183953,2019-09-29,1.5,57.5,9
183953,2019-10-01,2,57.5,10
183953,2019-10-03,1.5,57,10
183953,2019-10-04,4,55.5,10
183953,2019-10-06,9.5,51.5,10
183953,2019-10-07,3.5,55,10
183953,2019-10-08,3,55,10
183953,2019-10-09,2,54,10
183953,2019-10-10,3,52.5,10
183953,2019-10-11,2.5,53,10
183953,2019-10-13,5,53,10
183953,2019-10-14,7,53.5,10
183953,2019-10-16,5,57.5,10
183953,2019-10-17,5,61.5,10
183953,2019-10-18,5,62.5,10
183953,2019-10-19,1,61,10
183953,2019-10-20,5.5,61.5,10
183953,2019-10-21,7.5,66.5,10
183953,2019-10-22,4.5,66.5,10
183953,2019-10-23,7.5,67,10
183953,2019-10-24,3,67.5,10
183953,2019-10-25,2.5,66.5,10
183953,2019-10-26,2,67,10
183953,2019-10-28,4,66.5,10
183953,2019-10-29,3,66.5,10
183953,2019-10-31,3,70,10
183953,2019-11-01,7.5,66.5,11
183953,2019-11-02,4,65.5,11
183953,2019-11-05,2,63.5,11
183953,2019-11-06,4.5,59.5,11
183953,2019-11-07,4,56,11
183953,2019-11-08,2,54.5,11
183953,2019-11-09,2,54.5,11
183954,2019-08-17,2.5,36,8
183954,2019-08-18,2.5,34,8
183954,2019-08-20,3.5,31.5,8
183954,2019-08-21,3,33.5,8
183954,2019-08-24,2,33,8
183954,2019-08-26,1.5,33.5,8
183954,2019-08-31,2,32.5,8
183954,2019-09-01,2.5,32.5,9
183954,2019-09-03,6,33,9
183954,2019-09-04,4,33,9
183954,2019-09-05,2,33,9
183954,2019-09-06,1.5,33,9
183954,2019-09-08,3.5,32.5,9
183954,2019-09-15,1,32.5,9
183954,2019-09-18,2.5,27.5,9
183954,2019-09-20,6,29,9
183954,2019-09-22,4,29.5,9
183954,2019-09-23,2,29.5,9
183954,2019-09-27,1.5,28,9
183954,2019-09-28,3.5,26,9
183954,2019-10-01,6,23,10
183954,2019-10-04,2,24,10
183954,2019-10-09,6,21,10
183954,2019-10-12,5,20.5,10
183954,2019-10-13,7.5,23.5,10
183954,2019-10-17,4.5,12,10
183954,2019-10-20,5,26.5,10
183954,2019-10-21,2.5,28,10
183954,2019-10-23,9,16.5,10
183954,2019-10-25,3,11.5,10
183954,2019-10-26,10,23,10
183954,2019-10-27,3.5,16.5,10
183954,2019-11-02,6,22.5,11
183954,2019-11-06,6.5,23.5,11
183954,2019-11-07,2,23,11
183954,2019-11-09,6,26.5,11
183954,2019-11-10,7,28,11
183955,2019-08-16,2.5,32,8
183955,2019-08-17,3,31.5,8
183955,2019-08-18,2.5,33.5,8
183955,2019-08-19,4,31,8
183955,2019-08-21,2.5,33.5,8
183955,2019-08-22,2.5,30,8
183955,2019-08-23,1,28.5,8
183955,2019-08-27,2.5,29.5,8
183955,2019-08-28,4,32,8
183955,2019-08-29,5,34,8
183955,2019-08-31,2,28,8
183955,2019-09-02,2,29,9
183955,2019-09-03,1.5,28,9
183955,2019-09-04,2,28,9
183955,2019-09-05,1.5,28,9
183955,2019-09-06,2.5,29,9
183955,2019-09-07,2,29,9
183955,2019-09-08,2.5,29.5,9
183955,2019-09-09,3.5,31,9
183955,2019-09-10,2,30,9
183955,2019-09-13,2,26,9
183955,2019-09-15,1.5,27,9
183955,2019-09-16,1.5,27.5,9
183955,2019-09-18,1,27.5,9
183955,2019-09-20,2.5,27.5,9
183955,2019-09-21,2.5,27.5,9
183955,2019-09-22,1.5,27.5,9
183955,2019-09-24,2,25.5,9
183955,2019-09-25,2.5,25,9
183955,2019-09-26,3,26.5,9
183955,2019-09-27,1,26,9
183955,2019-09-28,3,27,9
183955,2019-09-29,2,25.5,9
183955,2019-09-30,2,25.5,9
183955,2019-10-01,2,24.5,10
183955,2019-10-02,1.5,24,10
183955,2019-10-03,3,24,10
183955,2019-10-05,5,24.5,10
183955,2019-10-07,4,26.5,10
183955,2019-10-13,1.5,24,10
183955,2019-10-14,1.5,23.5,10
183955,2019-10-16,2.5,24,10
183955,2019-10-18,1.5,24,10
183955,2019-10-19,1,24,10
183955,2019-10-20,1,24,10
183955,2019-10-21,2,24,10
183955,2019-10-22,4,24,10
183955,2019-10-23,1,23.5,10
183955,2019-10-24,5,24.5,10
183955,2019-10-27,3,27,10
183955,2019-10-29,6.5,26,10
183955,2019-11-03,2,24.5,11
183955,2019-11-04,1.5,25,11
183955,2019-11-08,6,23,11
183956,2019-08-15,4,48,8
183956,2019-08-18,7,48.5,8
183956,2019-08-19,3.5,49,8
183956,2019-08-24,4,46,8
183956,2019-08-25,10,45,8
183956,2019-09-04,2,48,9
183956,2019-09-05,1,49,9
183956,2019-09-06,3,50.5,9
183956,2019-09-11,1,46.5,9
183956,2019-09-12,1,46,9
183956,2019-09-13,2,46,9
183956,2019-09-18,1.5,59,9
183956,2019-09-19,3.5,61,9
183956,2019-09-20,6,60.5,9
183956,2019-09-23,2.5,60.5,9
183956,2019-09-25,7,59,9
183956,2019-09-26,4.5,59,9
183956,2019-09-29,2.5,56,9
183956,2019-09-30,2.5,55.5,9
183956,2019-10-01,1,54.5,10
183956,2019-10-02,3,56,10
183956,2019-10-04,2,56,10
183956,2019-10-06,3.5,56,10
183956,2019-10-07,3.5,56.5,10
183956,2019-10-08,1.5,54.5,10
183956,2019-10-09,1.5,55.5,10
183956,2019-10-13,1.5,56,10
183956,2019-10-15,2.5,57,10
183956,2019-10-16,1.5,57,10
183956,2019-10-18,4,57.5,10
183956,2019-10-20,2.5,56,10
183956,2019-10-23,3.5,54,10
183956,2019-10-28,8.5,48,10
183956,2019-11-05,8,53.5,11
183956,2019-11-06,6,54,11
183956,2019-11-07,1.5,52,11
183956,2019-11-09,1.5,54.5,11
183956,2019-11-10,2,54.5,11
183956,2019-11-14,7,56,11
183956,2019-11-17,2,52.5,11
183956,2019-11-21,5,54,11
183956,2019-11-23,3,50.5,11
183956,2019-11-24,2,48.5,11
183956,2019-11-25,2.5,47.5,11
183956,2019-11-28,2,46,11
183956,2019-11-29,5.5,47,11
183956,2019-11-30,1.5,46,11
183956,2019-12-01,1.5,47,12
183956,2019-12-02,2.5,48,12
183956,2019-12-04,1.5,49.5,12
183956,2019-12-05,1,49.5,12
183956,2019-12-06,2,49,12
183956,2019-12-10,4,47.5,12
183956,2019-12-11,3.5,43,12
183956,2019-12-14,1,51.5,12
183956,2019-12-18,2.5,56.5,12
183956,2019-12-19,3.5,58,12
183956,2019-12-25,1.5,67.5,12
183956,2019-12-26,3,68,12
183956,2019-12-28,3.5,80,12
183956,2019-12-29,1.5,80,12
183956,2020-01-02,4,79,1
183956,2020-01-08,12,79,1
183957,2019-08-16,1.5,34,8
183957,2019-08-17,2.5,36,8
183957,2019-08-19,1.5,41,8
183957,2019-08-20,1.5,42,8
183957,2019-08-24,1.5,56,8
183957,2019-08-26,6.5,55.5,8
183957,2019-08-27,1,55,8
183957,2019-08-30,2,56,8
183957,2019-08-31,1.5,55,8
183957,2019-09-01,3,55.5,9
183957,2019-09-02,3,56.5,9
183957,2019-09-08,1,52,9
183957,2019-09-09,1.5,52.5,9
183957,2019-09-10,1.5,52.5,9
183957,2019-09-11,1.5,53,9
183957,2019-09-12,9.5,52.5,9
183957,2019-09-15,1.5,57,9
183957,2019-09-16,2,57,9
183957,2019-09-18,1,56.5,9
183957,2019-10-07,7,62,10
183957,2019-10-11,3.5,60.5,10
183957,2019-10-13,4.5,55.5,10
183957,2019-10-15,4,56.5,10
183957,2019-10-16,3.5,57.5,10
183957,2019-10-21,3.5,63.5,10
183957,2019-10-24,2.5,57,10
183957,2019-10-25,12.5,67,10
183957,2019-10-26,5,64.5,10
183957,2019-10-27,7,72.5,10
183957,2019-10-28,8.5,74.5,10
183957,2019-10-30,17,75.5,10
183957,2019-10-31,14,75,10
183957,2019-11-01,13.5,73,11
183957,2019-11-02,19.5,73,11
183957,2019-11-03,9,70.5,11
183957,2019-11-04,5.5,68,11
183957,2019-11-05,10,69,11
183957,2019-11-06,5.5,69,11
183957,2019-11-08,3.5,69,11
183957,2019-11-11,6.5,65.5,11
183957,2019-11-13,4,64.5,11
183957,2019-12-01,18.5,69,12
183957,2019-12-02,2,70.5,12
183957,2019-12-03,4.5,70.5,12
183957,2019-12-04,5.5,70,12
183957,2019-12-05,5,70.5,12
183957,2019-12-06,2.5,70.5,12
183957,2019-12-09,2.5,69,12
183957,2019-12-11,5.5,71,12
183957,2019-12-12,9,73,12
183957,2019-12-13,5,73.5,12
183957,2019-12-17,5.5,71,12
183957,2019-12-18,9.5,71,12
183957,2019-12-20,4.5,71,12
183957,2019-12-24,6,71.5,12
183957,2019-12-26,4,70.5,12
183957,2019-12-27,1.5,70,12
183957,2020-01-03,4.5,66.5,1
183957,2020-01-09,2,67.5,1
183958,2019-08-23,8.5,53.5,8
183958,2019-08-27,1.5,57,8
183958,2019-08-31,2,58.5,8
183958,2019-09-02,3.5,70,9
183958,2019-09-03,2,74,9
183958,2019-09-06,1.5,75.5,9
183958,2019-09-12,1.5,78,9
183958,2019-09-13,1.5,79.5,9
183958,2019-09-14,1,80.5,9
183958,2019-09-15,3,81,9
183958,2019-09-21,11,77.5,9
183958,2019-09-23,2.5,79.5,9
183958,2019-09-30,6,78,9
183958,2019-10-06,2,78,10
183958,2019-10-14,9.5,79.5,10
183958,2019-10-16,11,83.5,10
183958,2019-10-20,9.5,84.5,10
183958,2019-10-25,8,85.5,10
183958,2019-10-29,2,82.5,10
183958,2019-11-04,1.5,78,11
183958,2019-11-12,2.5,84,11
183958,2019-11-20,2.5,87.5,11
183958,2019-11-21,1.5,88,11
183958,2019-11-22,1.5,89.5,11
183958,2019-11-23,5,90.5,11
183958,2019-11-26,4,93.5,11
183958,2019-11-29,4,94.5,11
183958,2019-11-30,11.5,94.5,11
183958,2019-12-02,1.5,95,12
183958,2019-12-05,9.5,97.5,12
183958,2019-12-06,0.5,98,12
183958,2019-12-09,1,97.5,12
183958,2019-12-11,2,97,12
183958,2019-12-12,23,97,12
183958,2019-12-14,6.5,90,12
183958,2019-12-15,5.5,89,12
183958,2019-12-20,1.5,86.5,12
183958,2019-12-23,1.5,85.5,12
183958,2020-01-31,0.5,97,1
183959,2019-08-15,3,30,8
183959,2019-08-16,3,30.5,8
183959,2019-08-17,7.5,28.5,8
183959,2019-08-18,1.5,29.5,8
183959,2019-08-22,4,30,8
183959,2019-08-23,3.5,29.5,8
183959,2019-08-24,3,32.5,8
183959,2019-08-27,4.5,37,8
183959,2019-08-31,8.5,41,8
183959,2019-09-02,11,38.5,9
183959,2019-09-03,6.5,30.5,9
183959,2019-09-04,2,28.5,9
183959,2019-09-05,3.5,28.5,9
183959,2019-09-07,2.5,28.5,9
183959,2019-09-08,4,29.5,9
183959,2019-09-09,2.5,28.5,9
183959,2019-09-10,2.5,29,9
183959,2019-09-12,4,28.5,9
183959,2019-09-13,2.5,28,9
183959,2019-09-14,4,29.5,9
183959,2019-09-15,3.5,29,9
183959,2019-09-17,2,28.5,9
183959,2019-09-18,2.5,28.5,9
183959,2019-09-19,3,29,9
183959,2019-09-20,3,29,9
183959,2019-09-21,3,29,9
183959,2019-09-22,4,28.5,9
183959,2019-09-23,2.5,28,9
183959,2019-09-24,2,28.5,9
183959,2019-09-25,3,28,9
183959,2019-09-26,3,28.5,9
183959,2019-09-27,4,29.5,9
183959,2019-09-28,2.5,28.5,9
183959,2019-09-29,2.5,29,9
183959,2019-09-30,2.5,28.5,9
183959,2019-10-01,1.5,28.5,10
183959,2019-10-05,7,27,10
183959,2019-10-06,8,27,10
183959,2019-10-07,3.5,24,10
183959,2019-10-09,7,24,10
183959,2019-10-10,9,25.5,10
183959,2019-10-12,3.5,25,10
183959,2019-10-14,4,23.5,10
183959,2019-10-15,12,23,10
183959,2019-10-16,8,23,10
183959,2019-10-17,11,29.5,10
183959,2019-10-18,9,29.5,10
183959,2019-10-19,7,33,10
183959,2019-10-20,2.5,29,10
183959,2019-10-23,4,26.5,10
183959,2019-10-24,7.5,28.5,10
183959,2019-10-25,3.5,25,10
183959,2019-10-26,4.5,24.5,10
183959,2019-10-27,8,23.5,10
183959,2019-10-28,7.5,24,10
183959,2019-10-29,3,21,10
183959,2019-10-30,7.5,25,10
183959,2019-10-31,7.5,23.5,10
183959,2019-11-01,8,23.5,11
183959,2019-11-03,10.5,26.5,11
183959,2019-11-04,9.5,23.5,11
183959,2019-11-05,12.5,27.5,11
183959,2019-11-06,12.5,27.5,11
183959,2019-11-10,4.5,22.5,11
183959,2019-11-12,11.5,26.5,11
183959,2019-11-13,6.5,24.5,11
183959,2019-11-14,4,23.5,11
183959,2019-11-15,7.5,25.5,11
183959,2019-11-21,18.5,31.5,11
183959,2019-11-23,25,61,11
183959,2019-11-24,16,63,11
183959,2019-11-27,5.5,59,11
183959,2019-11-29,4.5,45.5,11
183959,2019-11-30,5.5,42.5,11
183959,2019-12-01,3,41.5,12
183959,2019-12-02,4.5,40,12
183959,2019-12-03,5,41,12
183959,2019-12-05,7,42.5,12
183959,2019-12-06,10,39,12
183959,2019-12-07,15,47.5,12
183959,2019-12-08,9.5,56,12
183959,2019-12-10,8.5,67,12
183959,2019-12-11,7,66.5,12
183959,2019-12-12,3,67,12
183959,2019-12-13,7.5,67,12
183959,2019-12-14,9.5,67,12
183959,2019-12-16,12.5,73.5,12
183959,2019-12-17,3.5,74,12
183959,2019-12-18,6,75.5,12
183959,2019-12-19,4.5,76.5,12
183959,2019-12-20,8.5,76.5,12
183959,2019-12-22,9,67.5,12
183959,2019-12-23,8,64,12
183959,2019-12-25,10.5,50.5,12
183959,2019-12-27,17,59,12
183959,2019-12-28,8,56.5,12
183959,2019-12-30,10.5,64.5,12
183959,2019-12-31,11,63.5,12
183959,2020-01-01,4.5,69,1
183959,2020-01-02,7.5,67,1
183959,2020-01-03,7,68,1
183959,2020-01-05,7.5,73.5,1
183959,2020-01-06,12,79.5,1
183959,2020-01-07,10,80.5,1
183959,2020-01-08,7.5,86.5,1
183959,2020-01-11,4.5,98.5,1
183959,2020-01-12,2.5,98.5,1
183959,2020-01-13,3.5,98,1
183959,2020-01-14,9,105,1
183959,2020-01-15,8.5,107,1
183959,2020-01-16,5,106,1
183959,2020-01-19,4,115.5,1
183959,2020-01-20,6.5,117.5,1
183959,2020-01-22,5.5,128,1
183959,2020-01-23,10,129.5,1
183959,2020-01-24,4.5,132,1
183959,2020-01-25,4.5,132.5,1
183959,2020-01-28,5.5,124,1
183959,2020-01-29,7.5,122,1
183959,2020-01-30,7.5,122,1
183959,2020-02-02,10.5,110.5,2
183959,2020-02-07,6.5,103.5,2
183959,2020-02-08,12,109.5,2
183959,2020-02-10,11,119.5,2
183959,2020-02-16,19.5,149.5,2
183959,2020-02-17,10.5,139,2
183959,2020-02-18,14.5,135,2
183959,2020-02-20,5,131,2
183959,2020-02-21,5.5,130.5,2
183959,2020-02-25,9,155,2
183959,2020-02-26,7.5,159,2
183959,2020-02-27,13.5,164.5,2
183959,2020-02-28,19,167.5,2
183959,2020-03-05,11.5,185.5,3
183959,2020-03-06,13,183,3
183959,2020-03-07,9,181.5,3
183959,2020-03-08,12.5,182.5,3
183959,2020-03-09,9,184.5,3
183960,2019-08-14,5,52,8
183960,2019-08-17,5,50.5,8
183960,2019-08-19,3,49,8
183960,2019-08-20,4,49,8
183960,2019-08-21,3,49,8
183960,2019-08-22,5.5,48,8
183960,2019-08-23,4.5,49.5,8
183960,2019-08-25,3,49,8
183960,2019-08-28,3,49,8
183960,2019-08-30,3,49.5,8
183960,2019-08-31,4,49.5,8
183960,2019-09-02,3.5,49,9
183960,2019-09-06,3.5,49,9
183960,2019-09-07,1.5,50.5,9
183960,2019-09-08,2,50,9
183960,2019-09-09,2.5,50,9
183960,2019-09-10,4,50.5,9
183960,2019-09-12,3,51,9
183960,2019-09-14,4,53.5,9
183960,2019-09-15,4,52.5,9
183960,2019-09-16,2.5,51.5,9
183960,2019-09-17,2,49,9
183960,2019-09-18,4,50.5,9
183960,2019-09-19,1,48.5,9
183960,2019-09-20,1,49,9
183960,2019-09-21,5,48.5,9
183960,2019-09-22,1,46.5,9
183960,2019-09-23,1.5,47,9
183960,2019-09-24,1,46.5,9
183960,2019-09-25,1,46.5,9
183960,2019-09-26,1.5,47,9
183960,2019-09-27,1,46,9
183960,2019-09-28,1,46,9
183960,2019-09-29,1,45.5,9
183960,2019-09-30,2,46,9
183960,2019-10-04,2.5,47,10
183960,2019-10-08,3,47.5,10
183960,2019-10-10,2.5,47.5,10
183960,2019-10-19,4.5,46.5,10
183960,2019-10-20,10,48,10
183960,2019-10-23,2.5,50.5,10
183960,2019-10-24,4,50,10
183960,2019-10-27,4,51.5,10
183960,2019-10-28,1.5,50.5,10
183960,2019-10-31,1.5,52,10
183960,2019-11-02,1,52,11
183960,2019-11-04,1,51.5,11
183960,2019-11-05,1,51,11
183960,2019-11-06,3.5,51,11
183960,2019-11-08,3.5,51.5,11
183960,2019-11-11,3,47,11
183960,2019-11-16,0.5,45,11
183960,2019-11-21,1.5,46,11
183960,2019-11-22,18,41.5,11
183960,2019-11-23,10.5,36,11
183960,2019-11-24,8,44,11
183960,2019-11-25,8.5,40.5,11
183960,2019-12-01,21,46,12
183960,2019-12-02,4.5,41.5,12
183960,2019-12-03,13,54.5,12
183960,2019-12-04,11,47.5,12
183960,2019-12-05,15.5,61,12
183960,2019-12-06,3.5,62,12
183960,2019-12-07,12,63.5,12
183960,2019-12-09,17,82,12
183960,2019-12-11,10,82.5,12
183960,2019-12-12,5,82.5,12
183960,2019-12-13,4.5,81.5,12
183960,2019-12-15,8,75,12
183960,2019-12-16,3,68.5,12
183960,2019-12-17,2.5,64,12
183960,2019-12-18,18,69,12
183960,2019-12-20,1.5,72.5,12
183960,2019-12-22,4,66,12
183960,2019-12-24,14,69.5,12
183960,2019-12-26,13,79.5,12
183960,2019-12-28,1.5,82.5,12
183960,2019-12-29,8.5,83.5,12
183960,2019-12-31,5.5,83.5,12
183960,2020-01-04,8.5,83.5,1
183960,2020-01-05,1.5,85,1
183960,2020-01-06,1,87.5,1
183960,2020-01-13,3.5,97.5,1
183960,2020-01-14,10,97.5,1
183960,2020-01-15,12,105.5,1
183960,2020-01-17,14,111.5,1
183960,2020-01-18,8.5,113.5,1
183960,2020-01-19,16.5,114,1
183960,2020-01-20,13.5,117.5,1
183960,2020-01-21,10,120,1
183960,2020-01-22,18,127,1
183960,2020-01-23,15,129.5,1
183960,2020-01-27,10,133.5,1
183960,2020-01-29,17.5,139.5,1
183960,2020-01-31,5,153.5,1
183960,2020-02-05,8,157.5,2
183960,2020-02-10,18,123,2
183960,2020-02-11,16,123,2
183960,2020-02-13,13,115.5,2
183960,2020-02-14,15.5,114,2
183960,2020-02-15,19,112.5,2
183960,2020-02-16,17,112,2
183960,2020-02-20,15,119.5,2
183960,2020-02-22,12,130.5,2
183960,2020-02-23,11.5,132,2
183960,2020-02-24,10.5,131.5,2
183960,2020-02-25,16.5,130,2
183960,2020-02-28,28,129.5,2
183960,2020-03-05,13,144.5,3
183960,2020-03-07,12,140.5,3
183960,2020-03-08,39,134.5,3
183961,2019-08-16,4.5,39,8
183961,2019-08-27,1,56,8
183961,2019-09-23,3,77.5,9
183961,2019-09-28,1.5,80,9
183961,2019-10-02,2,83.5,10
183961,2019-10-07,2.5,89.5,10
183961,2019-10-11,3.5,91.5,10
183961,2019-10-14,8.5,92.5,10
183961,2019-10-16,2,93.5,10
183961,2019-10-23,2,86,10
183963,2019-08-23,3,57.5,8
183963,2019-08-26,4,54.5,8
183964,2019-08-19,3,38.5,8
183964,2019-08-21,5,40.5,8
183964,2019-08-23,4.5,49.5,8
183964,2019-08-25,8,51,8
183964,2019-09-02,5,48,9
183964,2019-09-08,3.5,50.5,9
183964,2019-09-10,1.5,54,9
183964,2019-09-12,14,57.5,9
183964,2019-09-26,3,80.5,9
183964,2019-09-28,4,80.5,9
183964,2019-09-30,1.5,81,9
183964,2019-10-12,1.5,84,10
183964,2019-10-14,3,83.5,10
183964,2019-10-20,2,84.5,10
183964,2019-10-24,1.5,83.5,10
183964,2019-10-28,11.5,83.5,10
183964,2019-11-01,1.5,81.5,11
183964,2019-11-07,2,81.5,11
183964,2019-11-11,1.5,83.5,11
183964,2019-11-15,4.5,81.5,11
183964,2019-11-21,2.5,77,11
183964,2019-11-23,4.5,74,11
183964,2019-11-25,3.5,77,11
183964,2019-11-29,1.5,78.5,11
183964,2019-12-07,16.5,79.5,12
183964,2019-12-11,1,77,12
183964,2019-12-17,2,77,12
183964,2019-12-21,9,79.5,12
183964,2019-12-25,7,82.5,12
183964,2019-12-31,8,85.5,12
183964,2020-01-02,1.5,84,1
183964,2020-01-04,1.5,83.5,1
183964,2020-01-08,1.5,83.5,1
183964,2020-01-10,4.5,89.5,1
183964,2020-01-12,1.5,90.5,1
183964,2020-01-14,1,90.5,1
183964,2020-01-18,1,89.5,1
183964,2020-01-22,1.5,90,1
183964,2020-01-24,1,90,1
183964,2020-01-28,1,90,1
183964,2020-02-01,0,84.5,2
183965,2019-08-17,8.5,40,8
183965,2019-08-19,6.5,38,8
183965,2019-08-21,3,33,8
183965,2019-08-23,11,41.5,8
183965,2019-08-25,3,47.5,8
183965,2019-08-27,3.5,48.5,8
183965,2019-08-29,6,51,8
183965,2019-08-31,3.5,48,8
183965,2019-09-02,5.5,49.5,9
183965,2019-09-04,5,48.5,9
183965,2019-09-06,4,49.5,9
183965,2019-09-08,3.5,47.5,9
183965,2019-09-10,4,45.5,9
183965,2019-09-12,4.5,46.5,9
183965,2019-09-14,3.5,46.5,9
183965,2019-09-16,2,45.5,9
183965,2019-09-18,8,46,9
183965,2019-09-20,1,46.5,9
183965,2019-09-22,2,46,9
183965,2019-09-24,3.5,46.5,9
183965,2019-09-26,2,50,9
183965,2019-09-28,2,48.5,9
183965,2019-10-02,5,48.5,10
183965,2019-10-04,1,46,10
183965,2019-10-06,4.5,40.5,10
183965,2019-10-08,7,41,10
183965,2019-10-10,7.5,48.5,10
183965,2019-10-12,4,55.5,10
183965,2019-10-14,1,55,10
183965,2019-10-16,3.5,55,10
183965,2019-10-18,4.5,48,10
183965,2019-10-20,6.5,40.5,10
183965,2019-10-22,17.5,49.5,10
183965,2019-10-24,14,51.5,10
183965,2019-10-26,5,49,10
183965,2019-10-30,8,47.5,10
183965,2019-11-01,5.5,45.5,11
183965,2019-11-03,8.5,49,11
183965,2019-11-05,7.5,56,11
183965,2019-11-07,4,59,11
183965,2019-11-09,6.5,65.5,11
183965,2019-11-13,7,68.5,11
183965,2019-11-15,5,69.5,11
183965,2019-11-17,5.5,64.5,11
183965,2019-11-19,3,70.5,11
183965,2019-11-21,2,68,11
183965,2019-11-25,5.5,69,11
183965,2019-11-27,24.5,68.5,11
183965,2019-11-29,13,61,11
183965,2019-12-01,2,62,12
183965,2019-12-03,21.5,66,12
183965,2019-12-09,16.5,69.5,12
183965,2019-12-11,13,60.5,12
183965,2019-12-13,19,63,12
183965,2019-12-17,13,66.5,12
183965,2019-12-21,6,63.5,12
183965,2019-12-23,3.5,64.5,12
183965,2019-12-27,19,61.5,12
183965,2019-12-31,6.5,58,12
183965,2020-01-06,5,69.5,1
183965,2020-01-08,5,71,1
183965,2020-01-10,3,73,1
183965,2020-01-12,4.5,69.5,1
183965,2020-01-18,2.5,70.5,1
183965,2020-01-20,1.5,71,1
183965,2020-01-22,2.5,72,1
183965,2020-01-24,2.5,72,1
183965,2020-01-26,2.5,74.5,1
183965,2020-01-30,22.5,95.5,1
183965,2020-02-01,8,93.5,2
183965,2020-02-03,11,93.5,2
183965,2020-02-05,10.5,95.5,2
183965,2020-02-07,28,96.5,2
183965,2020-02-09,10.5,99.5,2
183965,2020-02-11,8,96,2
183965,2020-02-13,9.5,90.5,2
183965,2020-02-15,14.5,79.5,2
183965,2020-02-17,24,72,2
183965,2020-02-19,15,66.5,2
183965,2020-02-21,13.5,87.5,2
183965,2020-02-23,11,87,2
183965,2020-02-27,29,121.5,2
183965,2020-02-29,17,123.5,2
183965,2020-03-02,37,137.5,3
183965,2020-03-08,13.5,92.5,3
183965,2020-03-10,28,96.5,3
183965,2020-03-12,23.5,94,3
183965,2020-03-14,51,115,3
183965,2020-03-16,23.5,72.5,3
183965,2020-03-20,24.5,84,3
183965,2020-03-22,18,93,3
183965,2020-03-26,5,83.5,3
183965,2020-03-28,8.5,77.5,3
183965,2020-03-30,3.5,78.5,3
183965,2020-04-01,29,87.5,4
183965,2020-04-03,15.5,76.5,4
183965,2020-04-07,7.5,65.5,4
183965,2020-04-09,5.5,64.5,4
183965,2020-04-11,7,61.5,4
183965,2020-04-13,12.5,63,4
183965,2020-04-17,5,57.5,4
183965,2020-04-19,5,56,4
183965,2020-04-21,5.5,61.5,4
183965,2020-04-23,3,57.5,4
183965,2020-04-25,3.5,52.5,4
183965,2020-04-29,4,44.5,4
183965,2020-05-01,6.5,42.5,5
183965,2020-05-03,7.5,42,5
183965,2020-05-05,10.5,44.5,5
183965,2020-05-07,9,43.5,5
183965,2020-05-09,9,43.5,5
183965,2020-05-11,7.5,22.5,5
183965,2020-05-13,11.5,19.5,5
183965,2020-05-15,9.5,17.5,5
183965,2020-05-17,13,23,5
183965,2020-05-19,5.5,24.5,5
183965,2020-05-21,7,26,5
183965,2020-05-23,8.5,21.5,5
183965,2020-05-25,5.5,20,5
183965,2020-05-29,5.5,20,5
183965,2020-05-31,6.5,20,5
183965,2020-06-02,18.5,26.5,6
183965,2020-06-06,10,31,6
183965,2020-06-07,10,22.5,6
183970,2019-08-23,3.5,34,8
183970,2019-08-25,2.5,31.5,8
183970,2019-08-27,9.5,36.5,8
183970,2019-08-29,6,33,8
183970,2019-09-02,12,37.5,9
183970,2019-09-06,9.5,37,9
183970,2019-09-08,7.5,43.5,9
183970,2019-09-12,27,56,9
183970,2019-09-14,4.5,60.5,9
183970,2019-09-16,7,54,9
183970,2019-09-24,1,36,9
183970,2019-09-26,2,37.5,9
183970,2019-09-28,8.5,38.5,9
183970,2019-09-30,3,33.5,9
183970,2019-10-06,2.5,56.5,10
183970,2019-10-08,2,55.5,10
183970,2019-10-14,8,36,10
183970,2019-10-18,4.5,53.5,10
183970,2019-11-01,6,48,11
183970,2019-11-03,4.5,41.5,11
183970,2019-11-15,13,57.5,11
183970,2019-11-19,8,47.5,11
183970,2019-11-23,3.5,44,11
183970,2019-12-01,11.5,36.5,12
183970,2019-12-07,3.5,43.5,12
183970,2019-12-23,1,45.5,12
183970,2019-12-25,1.5,47,12
183970,2020-01-02,14,52.5,1
183970,2020-01-08,13,66.5,1
183970,2020-01-12,6,63.5,1
183970,2020-01-14,8,69.5,1
183970,2020-01-16,7.5,70.5,1
184057,2019-09-14,8.5,48,9
184057,2019-09-15,3,45,9
184057,2019-09-16,7.5,43,9
184057,2019-09-17,6,38,9
184057,2019-09-18,7.5,38.5,9
184057,2019-09-19,5,38.5,9
184057,2019-09-20,4.5,37.5,9
184057,2019-09-21,1.5,35,9
184057,2019-09-22,4,36.5,9
184057,2019-09-23,3,36,9
184057,2019-09-24,2.5,36.5,9
184057,2019-09-25,7,36.5,9
184057,2019-09-26,3.5,37,9
184057,2019-09-27,4,36.5,9
184057,2019-09-28,4.5,37,9
184057,2019-09-29,4.5,35.5,9
184057,2019-09-30,4,35,9
184057,2019-10-01,4.5,37.5,10
184057,2019-10-02,3.5,37,10
184057,2019-10-03,2.5,35,10
184057,2019-10-04,4.5,35.5,10
184057,2019-10-05,2.5,35.5,10
184057,2019-10-06,9,39.5,10
184057,2019-10-07,5,41.5,10
184057,2019-10-08,10.5,46.5,10
184057,2019-10-09,14.5,46,10
184057,2019-10-10,1.5,45,10
184057,2019-10-11,6.5,48,10
184057,2019-10-13,6.5,48,10
184057,2019-10-14,3.5,47.5,10
184057,2019-10-15,11.5,45,10
184057,2019-10-16,8,46.5,10
184057,2019-10-17,5,48,10
184057,2019-10-18,6.5,45.5,10
184057,2019-10-19,2.5,45,10
184057,2019-10-20,2,45.5,10
184057,2019-10-21,7,49,10
184057,2019-10-22,4,47.5,10
184057,2019-10-23,3.5,48,10
184057,2019-10-24,5.5,48,10
184057,2019-10-25,6,45.5,10
184057,2019-10-26,22,44.5,10
184057,2019-10-27,9,33.5,10
184057,2019-10-28,15,45.5,10
184057,2019-10-30,6.5,46.5,10
184057,2019-10-31,7,46.5,10
184057,2019-11-01,9.5,43.5,11
184057,2019-11-02,3,45.5,11
184057,2019-11-04,1.5,44.5,11
184057,2019-11-06,1.5,44,11
184057,2019-11-08,12,49.5,11
184057,2019-11-09,11.5,53.5,11
184057,2019-11-10,7,53.5,11
184057,2019-11-11,5.5,51,11
184057,2019-11-12,3.5,45,11
184057,2019-11-13,1.5,44.5,11
184057,2019-11-14,4,45,11
184057,2019-11-16,7,48,11
184057,2019-11-18,4,47.5,11
184057,2019-11-19,6,48.5,11
184057,2019-11-20,4.5,48,11
184057,2019-11-21,2.5,49,11
184057,2019-11-22,3.5,44.5,11
184057,2019-11-23,7,47,11
184057,2019-11-24,2.5,45.5,11
184057,2019-11-25,2,45.5,11
184057,2019-11-26,7.5,48.5,11
184057,2019-11-27,3.5,46.5,11
184057,2019-11-28,4,47,11
184057,2019-11-30,7,43.5,11
184057,2019-12-02,5.5,35.5,12
184057,2019-12-03,2,37,12
184057,2019-12-04,12,36.5,12
184057,2019-12-05,10.5,33.5,12
184057,2019-12-06,8,32.5,12
184057,2019-12-07,18,40.5,12
184057,2019-12-08,14.5,55.5,12
184058,2019-09-13,8,48,9
184058,2019-09-14,4.5,46,9
184058,2019-09-15,4,44,9
184058,2019-09-16,8,42.5,9
184058,2019-09-17,4,37.5,9
184058,2019-09-18,5.5,36,9
184058,2019-09-20,1.5,35.5,9
184058,2019-09-21,5.5,37,9
184058,2019-09-22,3.5,37,9
184058,2019-09-24,3,39.5,9
184058,2019-09-25,6,40,9
184058,2019-09-26,4,39.5,9
184058,2019-09-27,3.5,40,9
184058,2019-09-28,3,38,9
184058,2019-09-29,5,39,9
184058,2019-09-30,2.5,39,9
184058,2019-10-01,3,40,10
184058,2019-10-02,2,41,10
184058,2019-10-03,2.5,41.5,10
184058,2019-10-04,2.5,41.5,10
184058,2019-10-06,3.5,41.5,10
184058,2019-10-08,1.5,40,10
184058,2019-10-09,1.5,40.5,10
184058,2019-10-11,3,37,10
184058,2019-10-14,3,36,10
184058,2019-10-15,1.5,38,10
184058,2019-10-16,4,37,10
184058,2019-10-17,2.5,36.5,10
184058,2019-10-18,2.5,36,10
184058,2019-10-19,2,36,10
184058,2019-10-20,2.5,36,10
184058,2019-10-21,3.5,36,10
184058,2019-10-22,3,35.5,10
184058,2019-10-23,3,35.5,10
184058,2019-10-24,4,35,10
184058,2019-10-25,6,35,10
184058,2019-10-26,4.5,35,10
184058,2019-10-27,2.5,34,10
184058,2019-10-28,1.5,34.5,10
184058,2019-10-29,7,38.5,10
184058,2019-10-30,8.5,39.5,10
184058,2019-10-31,3.5,38.5,10
184058,2019-11-01,2,36,11
184058,2019-11-03,4,35.5,11
184058,2019-11-04,3.5,35,11
184058,2019-11-05,3,35,11
184058,2019-11-06,1,35,11
184058,2019-11-07,5,36.5,11
184058,2019-11-08,3.5,35,11
184058,2019-11-09,4.5,37,11
184058,2019-11-10,9.5,36.5,11
184058,2019-11-11,2.5,37,11
184058,2019-11-12,4.5,38.5,11
184058,2019-11-13,2,35.5,11
184058,2019-11-14,5,39.5,11
184058,2019-11-15,1.5,37,11
184058,2019-11-16,3,37.5,11
184058,2019-11-17,4,37,11
184058,2019-11-18,2,36.5,11
184058,2019-11-19,3.5,38.5,11
184058,2019-11-20,2.5,38.5,11
184058,2019-11-22,5.5,29,11
184058,2019-11-23,22.5,52.5,11
184058,2019-11-24,3,48.5,11
184058,2019-11-25,3.5,57,11
184058,2019-11-28,5.5,59,11
184058,2019-11-30,3.5,64.5,11
184058,2019-12-01,4,67.5,12
184058,2019-12-02,4,68,12
184058,2019-12-03,5.5,67,12
184058,2019-12-04,7,66,12
184058,2019-12-05,2.5,66,12
184058,2019-12-06,4.5,65,12
184058,2019-12-08,7.5,77.5,12
184059,2019-09-14,3,45,9
184059,2019-09-15,4,45.5,9
184059,2019-09-16,2,44,9
184059,2019-09-18,3.5,39.5,9
184059,2019-09-19,5.5,41.5,9
184059,2019-09-20,5,41,9
184059,2019-09-21,9.5,42.5,9
184059,2019-09-24,3.5,34.5,9
184059,2019-09-25,6,35,9
184059,2019-09-26,10,39,9
184059,2019-09-27,10,36,9
184059,2019-09-28,2,32.5,9
184059,2019-09-30,4.5,28.5,9
184059,2019-10-01,4.5,30,10
184059,2019-10-02,5,30,10
184059,2019-10-03,8,33.5,10
184059,2019-10-05,2.5,29,10
184059,2019-10-06,2.5,28.5,10
184059,2019-10-07,8,34,10
184059,2019-10-08,4,29,10
184059,2019-10-09,2,28.5,10
184059,2019-10-10,5,28.5,10
184059,2019-10-11,2.5,28.5,10
184059,2019-10-12,2.5,28.5,10
184059,2019-10-13,2.5,28.5,10
184059,2019-10-14,2,28.5,10
184059,2019-10-15,19,44,10
184059,2019-10-18,2.5,28.5,10
184059,2019-10-20,1.5,28.5,10
184059,2019-10-21,3.5,29,10
184059,2019-10-22,3.5,29.5,10
184059,2019-10-23,7,29.5,10
184059,2019-10-24,1.5,28,10
184059,2019-10-25,2,28,10
184059,2019-10-26,6,29.5,10
184059,2019-10-29,3.5,29,10
184059,2019-10-30,3,28.5,10
184059,2019-10-31,3.5,29,10
184059,2019-11-01,1.5,28.5,11
184059,2019-11-03,1.5,28.5,11
184059,2019-11-04,1,27.5,11
184059,2019-11-05,2,28.5,11
184059,2019-11-06,5.5,32.5,11
184059,2019-11-08,15,38,11
184059,2019-11-10,2.5,29,11
184059,2019-11-11,2.5,29,11
184059,2019-11-13,7.5,43,11
184059,2019-11-14,16.5,42.5,11
184059,2019-11-15,12.5,34,11
184059,2019-11-16,6,29.5,11
184059,2019-11-17,10,32.5,11
184059,2019-11-18,5.5,31.5,11
184059,2019-11-19,6,31.5,11
184059,2019-11-20,6.5,31,11
184059,2019-11-21,12.5,35,11
184059,2019-11-22,7,29.5,11
184059,2019-11-23,7,27.5,11
184059,2019-11-24,29.5,51,11
184059,2019-11-25,8.5,57,11
184059,2019-11-28,10.5,56,11
184059,2019-11-29,11,60.5,11
184059,2019-12-01,7.5,69,12
184059,2019-12-02,3.5,61,12
184059,2019-12-03,12,57.5,12
184059,2019-12-04,7,56,12
184059,2019-12-05,14,61.5,12
184059,2019-12-06,5.5,61.5,12
184059,2019-12-08,3.5,70,12
184059,2019-12-09,2,70.5,12
184059,2019-12-10,7.5,71.5,12
184059,2019-12-12,8,71,12
184059,2019-12-13,6.5,66,12
184059,2019-12-14,5,66,12
184059,2019-12-15,4,65.5,12
184059,2019-12-16,9.5,65.5,12
184059,2019-12-19,4.5,62.5,12
184059,2019-12-20,3.5,62,12
184059,2019-12-21,1,61.5,12
184059,2019-12-23,4,61.5,12
184059,2019-12-24,4,61.5,12
184059,2019-12-25,3,61,12
184059,2019-12-26,3,60.5,12
184059,2019-12-27,5,60.5,12
184059,2019-12-28,5.5,61,12
184059,2019-12-30,6,67.5,12
184059,2019-12-31,1.5,69.5,12
184059,2020-01-01,6.5,70,1
184059,2020-01-02,2,70,1
184059,2020-01-04,7.5,71,1
184059,2020-01-05,10.5,71.5,1
184059,2020-01-07,7,80.5,1
184059,2020-01-08,7.5,82.5,1
184059,2020-01-09,7.5,87.5,1
184059,2020-01-11,5,94.5,1
184059,2020-01-14,11,103.5,1
184059,2020-01-15,9,107,1
184059,2020-01-16,13,110,1
184059,2020-01-18,6.5,119.5,1
184059,2020-01-19,17.5,122,1
184059,2020-01-20,16.5,122,1
184059,2020-01-21,13,128.5,1
184059,2020-01-22,9,132,1
184059,2020-01-23,11.5,135.5,1
184059,2020-01-25,16,145.5,1
184059,2020-01-26,4.5,149.5,1
184059,2020-01-27,3.5,151,1
184059,2020-01-30,5,145.5,1
184059,2020-01-31,12,140.5,1
184059,2020-02-01,24,142.5,2
184059,2020-02-04,17,142.5,2
184059,2020-02-06,22.5,146,2
184059,2020-02-07,16,143.5,2
184059,2020-02-08,14,139.5,2
184059,2020-02-11,9,143.5,2
184059,2020-02-12,5.5,140.5,2
184059,2020-02-14,14.5,140.5,2
184059,2020-02-15,7,141.5,2
184059,2020-02-16,10.5,143,2
184059,2020-02-17,7.5,142,2
184059,2020-02-18,6,137.5,2
184059,2020-02-19,8.5,137.5,2
184059,2020-02-20,8,138.5,2
184059,2020-02-21,14,147,2
184059,2020-02-22,26.5,153.5,2
184059,2020-02-23,30,157.5,2
184059,2020-02-24,20.5,145.5,2
184059,2020-02-25,12,143.5,2
184059,2020-02-26,17,150,2
184059,2020-02-27,21,153.5,2
184059,2020-02-28,27,142,2
184059,2020-02-29,4.5,134,2
184059,2020-03-01,12.5,144,3
184059,2020-03-03,12,144.5,3
184059,2020-03-04,9,143.5,3
184059,2020-03-05,5.5,135,3
184059,2020-03-06,13.5,135.5,3
184059,2020-03-07,9.5,134.5,3
184060,2019-09-14,1,45,9
184060,2019-09-15,2.5,44.5,9
184060,2019-09-17,6.5,45.5,9
184060,2019-09-20,3.5,45,9
184060,2019-09-21,5,45.5,9
184060,2019-09-22,4,44.5,9
184060,2019-09-24,1,44.5,9
184060,2019-09-29,3,43.5,9
184060,2019-10-04,3,35.5,10
184060,2019-10-05,8.5,41.5,10
184060,2019-10-11,2.5,42,10
184060,2019-10-12,7,44,10
184060,2019-10-13,3.5,43.5,10
184060,2019-10-15,9,44,10
184060,2019-10-18,6.5,45,10
184060,2019-10-21,3.5,45,10
184060,2019-10-25,4,29,10
184060,2019-10-26,21,42.5,10
184060,2019-10-27,5.5,38.5,10
184060,2019-10-28,12.5,42,10
184060,2019-10-29,4.5,39,10
184060,2019-11-24,2,47,11
184060,2019-12-01,8,52.5,12
184060,2019-12-08,23,50.5,12
184060,2019-12-09,3,51.5,12
184060,2019-12-16,3,48,12
184060,2019-12-18,1.5,50,12
184060,2019-12-22,3,50,12
184060,2019-12-23,3,49,12
184060,2019-12-24,2.5,47.5,12
184060,2019-12-25,5,47,12
184060,2019-12-29,1.5,48,12
184060,2019-12-30,27.5,48,12
184060,2019-12-31,26.5,47,12
184061,2019-09-14,7.5,48.5,9
184061,2019-09-15,5.5,49.5,9
184061,2019-09-16,7,48.5,9
184061,2019-09-17,5,48.5,9
184061,2019-09-18,4,49.5,9
184061,2019-09-19,7,48.5,9
184061,2019-09-20,9,47,9
184061,2019-09-21,3.5,48.5,9
184061,2019-09-22,5.5,49,9
184061,2019-09-25,4,49,9
184061,2019-09-27,3,48,9
184061,2019-09-30,2,49.5,9
184061,2019-10-01,2.5,50,10
184061,2019-10-03,3.5,49.5,10
184061,2019-10-05,3,50,10
184061,2019-10-08,6.5,49.5,10
184061,2019-10-09,4,50,10
184061,2019-10-10,2.5,50,10
184061,2019-10-11,4.5,50,10
184061,2019-10-12,4,50,10
184061,2019-10-14,3,49.5,10
184061,2019-10-15,6.5,48.5,10
184061,2019-10-18,2,48.5,10
184061,2019-10-19,2,49,10
184061,2019-10-22,2,50,10
184061,2019-10-23,3,49.5,10
184061,2019-10-24,2,49,10
184061,2019-10-25,2,48.5,10
184061,2019-10-26,7.5,49.5,10
184061,2019-10-27,3,48.5,10
184061,2019-10-29,5,48,10
184061,2019-10-30,2.5,49.5,10
184061,2019-10-31,4,49,10
184061,2019-11-01,2.5,49.5,11
184061,2019-11-02,2,48.5,11
184061,2019-11-04,2.5,50,11
184061,2019-11-05,3.5,49.5,11
184061,2019-11-06,2,49.5,11
184061,2019-11-07,4,47.5,11
184061,2019-11-08,4,49,11
184061,2019-11-10,4,48,11
184061,2019-11-11,6,49.5,11
184061,2019-11-12,3.5,50,11
184061,2019-11-13,15,49.5,11
184061,2019-11-14,7,49,11
184061,2019-11-15,8.5,49.5,11
184061,2019-11-16,1.5,49,11
184061,2019-11-17,3.5,48.5,11
184061,2019-11-18,4.5,50,11
184061,2019-11-19,3.5,50,11
184061,2019-11-21,3.5,50,11
184061,2019-11-22,5.5,50,11
184061,2019-11-23,28.5,48,11
184061,2019-11-24,10.5,26.5,11
184061,2019-11-26,12,59,11
184061,2019-11-27,3,58.5,11
184061,2019-11-28,8,53.5,11
184061,2019-11-29,13,56.5,11
184061,2019-12-01,19,69.5,12
184061,2019-12-02,19.5,73,12
184061,2019-12-04,15,75.5,12
184061,2019-12-06,17.5,78.5,12
184061,2019-12-07,19,75,12
184061,2019-12-09,2,77,12
184061,2019-12-11,17.5,83.5,12
184061,2019-12-13,13,90.5,12
184061,2019-12-16,2,97.5,12
184061,2019-12-18,19.5,104,12
184061,2019-12-20,11.5,107.5,12
184061,2019-12-23,2.5,130,12
184061,2019-12-24,18,123,12
184061,2019-12-25,31,122,12
184061,2019-12-28,18,150,12
184061,2019-12-29,26,146,12
184061,2019-12-31,28.5,157.5,12
184061,2020-01-01,13.5,156.5,1
184061,2020-01-02,35.5,161,1
184061,2020-01-04,3,166.5,1
184061,2020-01-05,5,167.5,1
184061,2020-01-08,10.5,180.5,1
184061,2020-01-09,7.5,189.5,1
184061,2020-01-11,4.5,201.5,1
184061,2020-01-12,53,234,1
184061,2020-01-13,15,215,1
184061,2020-01-15,8,186,1
184061,2020-01-16,7,180,1
184061,2020-01-17,17.5,183.5,1
184061,2020-01-19,4,177.5,1
184061,2020-01-20,7.5,181.5,1
184061,2020-01-23,10,178.5,1
184061,2020-01-24,5,179.5,1
184061,2020-01-26,12.5,187,1
184061,2020-01-27,27,190.5,1
184061,2020-01-28,17,186,1
184061,2020-01-29,13,187.5,1
184061,2020-01-30,8,178.5,1
184061,2020-01-31,5.5,185.5,1
184061,2020-02-01,18.5,186.5,2
184061,2020-02-02,14,181.5,2
184061,2020-02-06,12,164.5,2
184061,2020-02-07,15,166,2
184061,2020-02-08,8,148.5,2
184061,2020-02-09,4.5,147.5,2
184061,2020-02-11,3.5,140.5,2
184061,2020-02-12,11,136,2
184061,2020-02-13,6,136,2
184061,2020-02-14,6.5,134,2
184061,2020-02-15,11,132.5,2
184061,2020-02-16,4.5,129.5,2
184061,2020-02-19,11,124.5,2
184061,2020-02-22,15.5,126,2
184061,2020-02-23,11.5,127.5,2
184061,2020-02-24,3,126.5,2
184061,2020-02-26,3,126,2
184061,2020-02-27,10,131.5,2
184061,2020-02-28,24,133,2
184061,2020-02-29,41.5,142.5,2
184061,2020-03-01,30.5,141.5,3
184061,2020-03-02,3,123.5,3
184061,2020-03-04,13,139.5,3
184061,2020-03-05,15,141.5,3
184061,2020-03-06,8,139.5,3
184061,2020-03-07,12,143.5,3
184062,2019-10-29,3,28,10
184062,2020-08-22,6,40.5,8
184063,2019-10-23,6,39,10
184063,2020-01-19,5,51.5,1
183971,2019-08-16,11.5,41.5,8
183971,2019-08-17,13.5,44,8
183971,2019-08-18,10,41,8
183971,2019-08-19,13.5,39,8
183971,2019-08-20,7,42,8
183971,2019-08-21,7.5,45.5,8
183971,2019-08-22,6,47,8
183971,2019-08-23,8,50,8
183971,2019-08-24,11.5,47,8
183971,2019-08-25,4.5,40,8
183971,2019-08-26,3,39.5,8
183971,2019-08-27,9.5,47,8
183971,2019-08-28,4,50,8
183971,2019-08-29,6,50,8
183971,2019-08-30,5,48.5,8
183971,2019-08-31,4.5,50.5,8
183971,2019-09-01,4,50.5,9
183971,2019-09-02,7,52,9
183971,2019-09-03,8,56,9
183971,2019-09-04,5.5,56,9
183971,2019-09-05,3,55,9
183971,2019-09-06,7.5,55,9
183971,2019-09-07,5,56,9
183971,2019-09-08,6,56,9
183971,2019-09-09,2.5,56,9
183971,2019-09-10,7,56,9
183971,2019-09-11,6,56,9
183971,2019-09-12,9,55.5,9
183971,2019-09-13,16,59,9
183971,2019-09-14,8.5,59.5,9
183971,2019-09-15,6.5,57.5,9
183971,2019-09-16,3,58,9
183971,2019-09-17,3,58,9
183971,2019-09-18,5,60.5,9
183971,2019-09-19,3.5,60,9
183971,2019-09-20,8,59.5,9
183971,2019-09-21,23.5,59.5,9
183971,2019-09-22,17,60,9
183971,2019-09-23,17.5,57.5,9
183971,2019-09-24,20,65,9
183971,2019-09-25,22,68,9
183971,2019-09-26,4,68.5,9
183971,2019-09-27,14.5,69.5,9
183971,2019-09-28,20,70,9
183971,2019-09-29,8.5,70,9
183971,2019-09-30,6,70,9
183971,2019-10-01,4,70,10
183971,2019-10-02,14.5,70,10
183971,2019-10-03,9,69,10
183971,2019-10-04,8.5,66,10
183971,2019-10-05,12.5,65.5,10
183971,2019-10-06,13,65,10
183971,2019-10-07,7,65,10
183971,2019-10-08,10.5,65,10
183971,2019-10-09,10,61.5,10
183971,2019-10-10,7,58,10
183971,2019-10-11,6.5,58,10
183971,2019-10-12,12.5,62,10
183971,2019-10-13,7,64,10
183971,2019-10-14,14,66,10
183971,2019-10-15,10.5,68,10
183971,2019-10-16,29,71,10
183971,2019-10-17,8.5,70.5,10
183971,2019-10-18,10,72,10
183971,2019-10-19,13,72.5,10
183971,2019-10-20,16.5,71.5,10
183971,2019-10-21,8.5,68.5,10
183971,2019-10-22,15.5,67.5,10
183971,2019-10-23,9.5,64.5,10
183971,2019-10-24,11.5,62,10
183971,2019-10-25,14.5,62,10
183971,2019-10-26,8.5,64.5,10
183971,2019-10-27,13,64.5,10
183971,2019-10-28,14,62.5,10
183971,2019-10-29,11.5,59.5,10
183971,2019-10-30,11,57,10
183971,2019-10-31,12.5,55,10
183971,2019-11-01,10.5,52.5,11
183971,2019-11-02,7.5,51.5,11
183971,2019-11-03,5,50.5,11
183971,2019-11-04,6.5,50.5,11
183971,2019-11-05,4.5,50,11
183971,2019-11-06,7,50.5,11
183971,2019-11-07,9,55.5,11
183971,2019-11-08,10,56.5,11
183971,2019-11-09,11,56,11
183971,2019-11-10,13,55,11
183971,2019-11-11,8.5,55.5,11
183971,2019-11-12,7.5,55.5,11
183971,2019-11-13,7.5,56,11
183971,2019-11-14,7,55.5,11
183971,2019-11-15,10.5,55,11
183971,2019-11-16,13.5,54.5,11
183971,2019-11-17,7.5,53,11
183971,2019-11-18,6.5,52,11
183971,2019-11-19,7,52,11
183971,2019-11-20,4,50.5,11
183971,2019-11-21,8.5,49,11
183971,2019-11-22,14,50,11
183971,2019-11-23,12,52,11
183971,2019-11-24,12,52.5,11
183971,2019-11-25,9.5,51,11
183971,2019-11-26,9,50.5,11
183971,2019-11-27,11,50,11
183971,2019-11-28,16.5,50.5,11
183971,2019-11-29,14,51,11
183971,2019-11-30,7,51,11
183971,2019-12-01,13,50,12
183971,2019-12-02,12,49.5,12
183971,2019-12-03,11,49,12
183971,2019-12-04,10,46.5,12
183971,2019-12-05,11.5,46.5,12
183971,2019-12-06,8.5,46.5,12
183971,2019-12-07,12,45,12
183971,2019-12-08,8.5,41,12
183971,2019-12-09,13,42.5,12
183971,2019-12-10,10,41,12
183971,2019-12-11,8.5,42,12
183971,2019-12-12,8.5,41,12
183971,2019-12-13,9,40,12
183971,2019-12-14,6,40,12
183971,2019-12-15,4.5,40,12
183971,2019-12-16,5,40,12
183971,2019-12-17,7,42,12
183971,2019-12-18,8.5,43.5,12
183971,2019-12-19,9.5,44.5,12
183971,2019-12-20,12.5,45,12
183971,2019-12-21,12,44.5,12
183971,2019-12-22,10,42,12
183971,2019-12-23,11,41,12
183971,2019-12-24,10,41.5,12
183971,2019-12-25,10.5,43,12
183971,2019-12-26,11,43.5,12
183971,2019-12-27,11.5,45,12
183971,2019-12-28,11.5,47,12
183971,2019-12-29,13,48.5,12
183971,2019-12-30,9,49.5,12
183971,2019-12-31,9,50.5,12
183971,2020-01-01,10,51.5,1
183971,2020-01-02,11.5,54.5,1
183971,2020-01-03,23.5,61,1
183971,2020-01-04,16,64,1
183971,2020-01-05,14.5,66,1
183971,2020-01-06,7.5,66,1
183971,2020-01-07,11.5,67,1
183971,2020-01-08,7,67,1
183971,2020-01-09,5,67,1
183971,2020-01-10,7.5,66.5,1
183971,2020-01-11,7.5,65.5,1
183971,2020-01-12,9.5,64.5,1
183971,2020-01-13,5.5,63,1
183971,2020-01-14,7.5,64.5,1
183971,2020-01-15,10.5,66,1
183971,2020-01-16,8,66.5,1
183971,2020-01-17,8.5,64,1
183971,2020-01-18,8,64,1
183971,2020-01-19,9,65,1
183971,2020-01-20,15.5,67.5,1
183971,2020-01-21,8,67.5,1
183971,2020-01-22,14.5,68.5,1
183971,2020-01-23,15.5,71.5,1
183971,2020-01-24,8,76,1
183971,2020-01-25,8,78,1
183971,2020-01-26,11,79.5,1
183971,2020-01-27,10,81.5,1
183971,2020-01-28,10,83,1
183971,2020-01-29,16,83.5,1
183971,2020-01-30,18,85,1
183971,2020-01-31,13.5,87,1
183971,2020-02-01,9.5,89.5,2
183971,2020-02-02,12.5,91.5,2
183971,2020-02-03,14,88,2
183971,2020-02-04,16,89,2
183971,2020-02-05,15.5,93,2
183971,2020-02-06,10,93,2
183971,2020-02-07,12.5,96.5,2
183971,2020-02-08,18.5,100,2
183971,2020-02-09,9,102,2
183971,2020-02-10,8,103,2
183971,2020-02-11,6.5,104.5,2
183971,2020-02-12,9,105,2
183971,2020-02-13,8.5,106,2
183971,2020-02-14,6,105.5,2
183971,2020-02-15,12,104.5,2
183971,2020-02-16,19,105,2
183971,2020-02-17,13,105,2
183971,2020-02-18,11.5,104.5,2
183971,2020-02-19,14,105,2
183971,2020-02-20,12.5,105.5,2
183971,2020-02-21,17.5,106.5,2
183971,2020-02-22,11.5,107,2
183971,2020-02-23,20.5,108,2
183971,2020-02-24,14.5,108,2
183971,2020-02-25,45.5,107.5,2
183971,2020-02-26,13,107.5,2
183971,2020-02-27,16.5,108,2
183971,2020-02-28,13,106,2
183971,2020-02-29,11.5,105.5,2
183971,2020-03-01,13.5,105.5,3
183971,2020-03-02,10,106.5,3
183971,2020-03-03,13.5,109.5,3
183971,2020-03-04,11,110.5,3
183971,2020-03-05,47.5,111,3
183971,2020-03-06,26.5,111,3
183971,2020-03-07,29.5,111,3
183971,2020-03-08,16.5,109.5,3
183971,2020-03-09,17,108.5,3
183971,2020-03-10,18.5,108.5,3
183971,2020-03-11,21,110.5,3
183971,2020-03-12,29,111.5,3
183971,2020-03-13,18,111.5,3
183971,2020-03-14,17,112,3
183971,2020-03-15,30,112.5,3
183971,2020-03-16,25.5,111,3
183971,2020-03-17,36.5,108.5,3
183971,2020-03-18,20,106.5,3
183971,2020-03-19,3,107,3
183968,2019-08-14,8,36,8
183968,2019-08-15,7.5,35.5,8
183968,2019-08-16,6.5,33,8
183968,2019-08-17,6.5,35,8
183968,2019-08-18,7.5,35.5,8
183968,2019-08-19,6.5,37,8
183968,2019-08-20,4.5,32,8
183968,2019-08-21,10.5,35,8
183968,2019-08-22,9,32.5,8
183968,2019-08-23,11,33,8
183968,2019-08-24,12.5,32.5,8
183968,2019-08-25,14,32.5,8
183968,2019-08-26,10.5,32.5,8
183968,2019-08-27,6.5,35.5,8
183968,2019-08-28,7.5,35,8
183968,2019-08-29,9.5,36.5,8
183968,2019-08-30,5.5,33.5,8
183968,2019-08-31,7,33,8
183968,2019-09-01,6,33.5,9
183968,2019-09-02,3,31.5,9
183968,2019-09-03,8.5,32,9
183962,2019-08-15,7,40.5,8
183962,2019-08-16,8.5,38,8
183962,2019-08-17,11,33.5,8
183962,2019-08-18,5,33,8
183962,2019-08-19,4.5,33,8
183962,2019-08-20,7,32.5,8
183962,2019-08-21,7,32,8
183962,2019-08-22,7.5,36.5,8
183962,2019-08-23,5,39.5,8
183962,2019-08-24,11.5,46,8
183962,2019-08-25,6.5,49,8
183962,2019-08-26,6.5,51.5,8
183962,2019-08-27,8.5,52.5,8
183962,2019-08-28,10,53,8
183962,2019-08-29,11,53,8
183962,2019-08-30,9,51.5,8
183962,2019-08-31,6.5,51.5,8
183962,2019-09-01,3.5,50,9
183962,2019-09-02,7,49.5,9
183962,2019-09-03,4.5,48.5,9
183962,2019-09-04,5,48.5,9
183962,2019-09-05,5.5,48.5,9
183962,2019-09-06,6.5,48.5,9
183962,2019-09-07,6.5,44.5,9
183962,2019-09-08,7.5,43,9
183962,2019-09-09,4,45.5,9
183962,2019-09-10,4.5,46.5,9
183962,2019-09-11,5.5,46,9
183962,2019-09-12,6.5,47,9
183962,2019-09-13,6,46,9
183962,2019-09-14,6.5,48,9
183962,2019-09-15,8,48,9
183962,2019-09-16,6,44,9
183962,2019-09-17,7,43.5,9
183962,2019-09-18,4,43,9
183962,2019-09-19,3,43,9
183962,2019-09-20,5,43.5,9
183962,2019-09-21,6.5,44.5,9
183962,2019-09-22,6,44.5,9
183962,2019-09-23,4,45,9
183962,2019-09-24,4,46,9
183962,2019-09-25,11.5,51.5,9
183962,2019-09-26,14,56.5,9
183962,2019-09-27,6.5,60,9
183962,2019-09-28,13.5,59,9
183962,2019-09-29,6,50,9
183962,2019-09-30,7,49.5,9
183962,2019-10-01,8,48.5,10
183962,2019-10-02,6,52,10
183962,2019-10-03,7.5,53.5,10
183962,2019-10-04,3.5,54.5,10
183962,2019-10-05,12,57,10
183962,2019-10-06,13.5,59.5,10
183962,2019-10-07,12,58.5,10
183962,2019-10-08,16,59.5,10
183962,2019-10-09,11.5,54,10
183962,2019-10-10,13,59,10
183962,2019-10-11,13,59.5,10
183962,2019-10-12,12.5,54,10
183962,2019-10-13,6,54,10
183962,2019-10-14,13.5,61,10
183962,2019-10-15,10,63.5,10
183962,2019-10-16,12,62,10
183962,2019-10-17,10.5,62,10
183962,2019-10-18,10.5,60.5,10
183962,2019-10-19,5.5,60.5,10
183962,2019-10-20,6,58,10
183962,2019-10-21,7.5,56.5,10
183962,2019-10-22,9,54,10
183962,2019-10-23,12,54.5,10
183962,2019-10-24,7.5,54.5,10
183962,2019-10-25,16.5,53,10
183962,2019-10-26,7.5,45,10
183962,2019-10-27,2,41,10
183949,2019-08-18,13,27.5,8
183949,2019-08-19,13,30.5,8
183949,2019-08-20,10,28.5,8
183949,2019-08-21,7.5,27.5,8
183949,2019-08-22,10,30,8
183949,2019-08-23,7,30,8
183949,2019-08-24,8.5,32,8
183949,2019-08-25,6.5,32.5,8
183949,2019-08-26,7.5,31.5,8
183949,2019-08-27,15.5,34,8
183949,2019-08-28,17,39,8
183949,2019-08-29,10,39,8
183949,2019-08-30,9,37,8
183949,2019-08-31,8,32,8
183949,2019-09-01,7.5,29,9
183949,2019-09-02,5.5,27,9
183949,2019-09-03,6.5,28,9
183949,2019-09-04,8,29.5,9
183949,2019-09-05,9,30,9
183949,2019-09-06,11,33,9
183949,2019-09-07,9.5,29.5,9
183949,2019-09-08,15,34,9
183949,2019-09-09,8.5,31.5,9
183949,2019-09-10,10,34,9
183949,2019-09-11,8.5,33,9
183949,2019-09-12,7,28,9
183949,2019-09-13,12.5,35.5,9
183949,2019-09-14,12,35.5,9
183949,2019-09-15,15,32,9
183949,2019-09-16,12,33,9
183949,2019-09-17,11,33,9
183949,2019-09-18,6,27.5,9
183949,2019-09-19,8.5,30,9
183949,2019-09-20,9,30.5,9
183949,2019-09-21,9,30.5,9
183949,2019-09-22,6,31,9
183949,2019-09-23,10.5,34,9
183949,2019-09-24,7.5,33,9
183949,2019-09-25,10,33.5,9
183949,2019-09-26,5,30.5,9
183949,2019-09-27,8.5,30.5,9
183949,2019-09-28,8,31,9
183949,2019-09-29,8.5,32.5,9
183949,2019-09-30,5.5,32,9
183949,2019-10-01,6,31.5,10
183949,2019-10-02,7,34.5,10
183949,2019-10-03,8.5,37,10
183949,2019-10-04,7.5,37,10
183949,2019-10-05,4.5,36.5,10
183949,2019-10-06,6.5,37,10
183949,2019-10-07,9.5,37,10
183949,2019-10-08,13.5,39.5,10
183949,2019-10-09,10.5,40,10
183949,2019-10-10,14,43,10
183949,2019-10-11,19,40.5,10
183949,2019-10-12,18.5,39,10
183949,2019-10-13,8,36.5,10
183949,2019-10-14,9,34.5,10
183949,2019-10-15,11,35,10
183949,2019-10-16,8,35.5,10
183949,2019-10-17,10,39,10
183949,2019-10-18,11.5,42.5,10
183949,2019-10-19,8,38.5,10
183949,2019-10-20,8,40,10
183949,2019-10-21,7,40.5,10
183949,2019-10-22,10,40,10
183949,2019-10-23,2,40.5,10
183947,2019-08-18,8,36,8
183947,2019-08-19,12.5,43.5,8
183947,2019-08-20,11,44.5,8
183947,2019-08-21,9,41.5,8
183947,2019-08-22,8.5,36,8
183947,2019-08-23,6,35.5,8
183947,2019-08-24,9.5,37,8
183947,2019-08-25,6.5,38,8
183947,2019-08-26,5,39,8
183947,2019-08-27,5.5,39.5,8
183947,2019-08-28,6.5,39,8
183947,2019-08-29,7,40,8
183947,2019-08-30,8.5,40,8
183947,2019-08-31,16.5,40.5,8
183947,2019-09-01,18,42.5,9
183947,2019-09-02,11,41,9
183947,2019-09-03,8.5,42.5,9
183947,2019-09-04,12.5,43.5,9
183947,2019-09-05,16.5,44.5,9
183947,2019-09-06,10,45.5,9
183947,2019-09-07,10.5,46,9
183947,2019-09-08,7.5,46,9
183947,2019-09-09,9,48,9
183947,2019-09-10,12,50,9
183947,2019-09-11,10,51.5,9
183947,2019-09-12,9,51,9
183947,2019-09-13,12.5,51,9
183947,2019-09-14,10.5,53,9
183947,2019-09-15,9.5,55.5,9
183947,2019-09-16,7,57,9
183947,2019-09-17,12,58,9
183947,2019-09-18,9.5,59,9
183947,2019-09-19,11.5,60.5,9
183947,2019-09-20,14.5,60.5,9
183947,2019-09-21,10,61.5,9
183947,2019-09-22,6,62.5,9
183947,2019-09-23,11.5,63.5,9
183947,2019-09-24,10.5,65.5,9
183947,2019-09-25,6,66,9
183947,2019-09-26,6.5,66.5,9
183947,2019-09-27,8,66,9
183947,2019-09-28,6.5,66,9
183947,2019-09-29,8.5,66,9
183947,2019-09-30,4.5,66,9
183947,2019-10-01,6.5,66.5,10
183947,2019-10-02,5.5,67,10
183947,2019-10-03,5.5,68,10
183947,2019-10-04,8.5,68.5,10
183947,2019-10-05,9.5,70,10
183947,2019-10-06,9,70.5,10
183947,2019-10-07,5.5,71,10
183947,2019-10-08,11,72,10
183947,2019-10-09,7.5,72,10
183947,2019-10-10,12,72.5,10
183947,2019-10-11,10,73.5,10
183947,2019-10-12,10,75,10
183947,2019-10-13,11.5,75.5,10
183947,2019-10-14,11.5,76.5,10
183947,2019-10-15,15,77.5,10
183947,2019-10-16,19,76.5,10
183947,2019-10-17,19,78,10
183947,2019-10-18,4.5,79,10
183947,2019-10-19,4.5,79.5,10
183947,2019-10-20,6,80,10
183947,2019-10-21,16,80.5,10
183947,2019-10-22,10,81,10
183947,2019-10-23,12,81.5,10
183947,2019-10-24,12,82,10
183947,2019-10-25,16.5,82.5,10
183947,2019-10-26,13,81.5,10
183947,2019-10-27,21,81.5,10
183947,2019-10-28,19.5,82.5,10
183947,2019-10-29,18.5,82.5,10
183947,2019-10-30,21,86.5,10
183947,2019-10-31,13,89,10
183947,2019-11-01,17,94,11
183947,2019-11-02,9.5,94.5,11
183947,2019-11-03,9,95.5,11
183947,2019-11-04,17,96.5,11
183947,2019-11-05,10.5,97.5,11
183947,2019-11-06,6,97,11
183947,2019-11-07,35.5,96.5,11
183947,2019-11-08,32.5,94,11
183947,2019-11-09,25,94,11
183947,2019-11-10,19.5,95,11
183947,2019-11-11,20,99,11
183947,2019-11-12,54,101,11
183947,2019-11-13,48,103.5,11
183947,2019-11-14,36,103,11
183947,2019-11-15,47,101.5,11
183947,2019-11-16,50,101.5,11
183947,2019-11-17,30.5,102.5,11
183947,2019-11-18,21.5,103,11
183947,2019-11-19,42.5,104.5,11
183947,2019-11-20,40,103,11
183947,2019-11-21,39,98,11
183947,2019-11-22,62.5,98.5,11
183947,2019-11-23,33,87.5,11
183947,2019-11-24,45.5,105,11
183947,2019-11-25,42,106.5,11
183947,2019-11-26,57.5,107,11
183947,2019-11-27,51,108,11
183947,2019-11-28,62,109,11
183947,2019-11-29,58,108,11
183947,2019-11-30,58,105,11
183947,2019-12-01,58,101.5,12
183947,2019-12-02,68.5,99.5,12
183947,2019-12-03,43.5,98.5,12
183947,2019-12-04,41,101,12
183947,2019-12-05,77,102,12
183947,2019-12-06,66.5,104,12
183947,2019-12-07,68.5,103.5,12
183947,2019-12-08,55.5,101.5,12
183947,2019-12-09,54.5,99,12
183947,2019-12-10,53,92.5,12
183947,2019-12-11,25.5,86.5,12
183947,2019-12-12,23.5,87.5,12
183947,2019-12-13,14.5,86.5,12
183947,2019-12-14,14.5,86,12
183947,2019-12-15,10.5,86.5,12
183947,2019-12-16,8.5,85.5,12
183947,2019-12-17,11.5,86,12
183947,2019-12-18,10.5,84,12
183947,2019-12-19,8.5,82,12
183947,2019-12-20,8.5,80.5,12
183947,2019-12-21,8,80.5,12
183947,2019-12-22,7.5,79.5,12
183947,2019-12-23,9.5,80.5,12
183947,2019-12-24,8,79.5,12
183947,2019-12-25,22,79.5,12
183947,2019-12-26,14,78.5,12
183947,2019-12-27,9,78,12
183947,2019-12-28,10.5,78,12
183947,2019-12-29,8,78,12
183947,2019-12-30,6.5,76.5,12
183947,2019-12-31,6.5,76,12
183947,2020-01-01,5.5,76,1
183947,2020-01-02,6.5,76,1
183947,2020-01-03,7,75.5,1
183947,2020-01-04,9.5,75.5,1
183947,2020-01-05,6,75,1
183947,2020-01-06,11.5,75.5,1
183947,2020-01-07,15,77,1
183947,2020-01-08,16,78.5,1
183947,2020-01-09,11,79.5,1
183947,2020-01-10,8,79.5,1
183947,2020-01-11,30,81,1
183947,2020-01-12,15.5,81.5,1
183947,2020-01-13,15.5,84.5,1
183947,2020-01-14,17,84.5,1
183947,2020-01-15,12.5,85,1
183947,2020-01-16,11,85,1
183947,2020-01-17,12,87,1
183947,2020-01-18,12.5,88.5,1
183947,2020-01-19,11.5,87.5,1
183947,2020-01-20,9,87,1
183947,2020-01-21,8.5,85.5,1
183947,2020-01-22,9.5,84,1
183947,2020-01-23,10,83.5,1
183947,2020-01-24,8.5,82.5,1
183947,2020-01-25,12,81.5,1
183947,2020-01-26,5.5,81.5,1
183947,2020-01-27,7.5,80.5,1
183947,2020-01-28,9.5,80,1
183947,2020-01-29,12,79,1
183947,2020-01-30,11,79,1
183947,2020-01-31,6.5,80,1
183947,2020-02-01,7.5,83,2
183947,2020-02-02,7.5,85,2
183947,2020-02-03,5.5,84.5,2
183947,2020-02-04,4,83.5,2
183947,2020-02-05,5.5,84,2
183947,2020-02-06,8,83.5,2
183947,2020-02-07,14,87,2
183947,2020-02-08,17.5,91.5,2
183947,2020-02-09,17.5,95,2
183947,2020-02-10,13.5,96,2
183947,2020-02-11,13.5,98.5,2
183947,2020-02-12,10,98.5,2
183947,2020-02-13,10,99.5,2
183947,2020-02-14,9.5,99,2
183947,2020-02-15,9.5,99,2
183947,2020-02-16,11.5,100,2
183947,2020-02-17,13,101,2
183947,2020-02-18,13.5,101,2
183947,2020-02-19,8.5,103,2
183947,2020-02-20,8.5,104.5,2
183947,2020-02-21,3.5,103.5,2
184064,2019-09-11,6,36,9
184064,2019-09-12,13,37,9
